<?xml version="1.0" encoding="UTF-8"?>

<mule xmlns:jms="http://www.mulesoft.org/schema/mule/jms" xmlns:ee="http://www.mulesoft.org/schema/mule/ee/core"
	xmlns:http="http://www.mulesoft.org/schema/mule/http"
	xmlns="http://www.mulesoft.org/schema/mule/core" xmlns:doc="http://www.mulesoft.org/schema/mule/documentation" xmlns:xsi="http://www.w3.org/2001/XMLSchema-instance" xsi:schemaLocation="http://www.mulesoft.org/schema/mule/core http://www.mulesoft.org/schema/mule/core/current/mule.xsd
http://www.mulesoft.org/schema/mule/http http://www.mulesoft.org/schema/mule/http/current/mule-http.xsd
http://www.mulesoft.org/schema/mule/ee/core http://www.mulesoft.org/schema/mule/ee/core/current/mule-ee.xsd
http://www.mulesoft.org/schema/mule/jms http://www.mulesoft.org/schema/mule/jms/current/mule-jms.xsd">
	<http:listener-config name="HTTP_Listener_config" doc:name="HTTP Listener config" doc:id="c64c0c04-7b42-4469-9757-00c21d787b2b" >
		<http:listener-connection host="0.0.0.0" port="8081" />
	</http:listener-config>
	<flow name="helloworld-flow" doc:id="80d14501-6432-48ea-b45f-d6e29759a9eb" >
		<http:listener doc:name="GET helloworld" doc:id="fadcdb94-743a-48c5-af95-98fd7542e848" config-ref="HTTP_Listener_config" path="/" allowedMethods="GET"/>
		<ee:transform doc:name="Transform Message" doc:id="d89c0f8b-7391-411c-91a6-86500bf3863a" >
			<ee:message >
				<ee:set-payload ><![CDATA[%dw 2.0
output application/json
---
{
	"user" : p("user"),
	"message" : p("cicd.welcome.message")
}]]></ee:set-payload>
			</ee:message>
		</ee:transform>
		<logger level="INFO" doc:name="Logger" doc:id="e53df56c-09eb-40d6-ad89-b53f12cf19b4" />
	</flow>
</mule>
